{"cameraMode":{"drawMode":0,"name":"Shaded","section":"Shading Mode"},"sceneLighting":false,"audioPlay":false,"sceneViewState":{"showFog":true,"showMaterialUpdate":false,"showSkybox":false,"showFlares":true,"showImageEffects":true,"showParticleSystems":true},"in2DMode":false,"pivot":{"x":-9.270919799804688,"y":-0.019198596477508546,"z":-2.9397530555725099},"rotation":{"x":0.4950827956199646,"y":0.5046844482421875,"z":-0.5107773542404175,"w":0.48917821049690249},"size":0.938126802444458,"orthographic":true}